source,raw_value,std_value
화해,각질,각질
화해,노세범,노세범
화해,두피케어,두피케어
화해,립메이크업 · 립케어,립메이크업 · 립케어
화해,립메이크업 · 컬러 립케어,립메이크업 · 컬러 립케어
화해,마사지도구,마사지도구
화해,마스크,마스크
화해,모공,모공
화해,모이스처,모이스처
화해,바디 · 바디오일,바디 · 바디오일
화해,바디 · 바디크림,바디 · 바디크림
화해,바디 · 핸드크림,바디 · 핸드크림
화해,베이스메이크업 · BB,베이스메이크업 · BB
화해,보습,보습
화해,브라이트닝,브라이트닝
화해,빗,빗
화해,선케어 · 선크림,선케어 · 선크림
화해,손상케어,손상케어
화해,수분,수분
화해,스킨케어 · 로션,스킨케어 · 로션
화해,스킨케어 · 밤,스킨케어 · 밤
화해,스킨케어 · 스킨,스킨케어 · 스킨
화해,스킨케어 · 에센스,스킨케어 · 에센스
화해,스킨케어 · 크림,스킨케어 · 크림
화해,스킨케어 · 클렌저,스킨케어 · 클렌저
화해,안티에이징,안티에이징
화해,워터프루프,워터프루프
화해,이너뷰티 · 소화,이너뷰티 · 소화
화해,진정,진정
화해,컬러케어,컬러케어
화해,클렌징,클렌징
화해,탈모케어,탈모케어
화해,톤업,톤업
화해,트러블,트러블
화해,팩,팩
화해,헤어 · 트리트먼트,헤어 · 트리트먼트
화해,헤어 · 헤어에센스,헤어 · 헤어에센스
