product_id,source,concern_raw
P00002,화해,손상케어
P00224,화해,각질
P00233,화해,진정
P00239,화해,안티에이징
P00241,화해,보습
P00243,화해,노세범
P00245,화해,보습
P00247,화해,보습
P00248,화해,브라이트닝
P00250,화해,진정
P00252,화해,트러블
P00253,화해,모이스처
P00255,화해,탈모케어
P00258,화해,트러블
P00259,화해,모공
P00260,화해,안티에이징
P00261,화해,수분
P00262,화해,각질
P00263,화해,트러블
P00264,화해,진정
P00265,화해,각질
P00266,화해,진정
P00267,화해,노세범
P00268,화해,진정
P00269,화해,트러블
P00270,화해,브라이트닝
P00272,화해,진정
P00273,화해,진정
P00274,화해,진정
P00275,화해,보습
P00277,화해,진정
P00278,화해,워터프루프
P00279,화해,모공
P00280,화해,브라이트닝
P00281,화해,안티에이징
P00284,화해,보습
P00285,화해,안티에이징
P00287,화해,브라이트닝
P00288,화해,보습
P00289,화해,컬러케어
P00290,화해,브라이트닝
P00291,화해,진정
P00292,화해,진정
P00294,화해,모공
P00295,화해,톤업
P00296,화해,각질
P00297,화해,브라이트닝
P00298,화해,탈모케어
P00299,화해,모공
P00300,화해,진정
P00301,화해,보습
P00302,화해,모공
P00303,화해,보습
P00304,화해,각질
P00305,화해,진정
P00307,화해,안티에이징
P00308,화해,보습
P00309,화해,트러블
P00310,화해,립메이크업 · 컬러 립케어
P00311,화해,마스크
P00312,화해,진정
P00315,화해,수분
P00317,화해,이너뷰티 · 소화
P00318,화해,워터프루프
P00319,화해,바디 · 바디크림
P00320,화해,스킨케어 · 로션
P00322,화해,모공
P00323,화해,브라이트닝
P00324,화해,보습
P00326,화해,수분
P00327,화해,마스크
P00328,화해,브라이트닝
P00329,화해,안티에이징
P00330,화해,진정
P00331,화해,모이스처
P00332,화해,스킨케어 · 스킨
P00333,화해,보습
P00334,화해,보습
P00337,화해,진정
P00339,화해,두피케어
P00340,화해,수분
P00341,화해,안티에이징
P00343,화해,헤어 · 헤어에센스
P00344,화해,진정
P00345,화해,진정
P00346,화해,스킨케어 · 스킨
P00347,화해,선케어 · 선크림
P00348,화해,바디 · 바디크림
P00350,화해,모공
P00351,화해,스킨케어 · 밤
P00353,화해,베이스메이크업 · BB
P00356,화해,바디 · 핸드크림
P00003,화해,수분
P00004,화해,모이스처
P00005,화해,각질
P00006,화해,트러블
P00007,화해,톤업
P00008,화해,진정
P00009,화해,손상케어
P00010,화해,진정
P00011,화해,수분
P00001,화해,모공
P00012,화해,보습
P00013,화해,각질
P00014,화해,브라이트닝
P00015,화해,모공
P00016,화해,모공
P00017,화해,수분
P00018,화해,모공
P00019,화해,트러블
P00020,화해,수분
P00021,화해,브라이트닝
P00022,화해,수분
P00023,화해,트러블
P00024,화해,보습
P00025,화해,모이스처
P00026,화해,두피케어
P00027,화해,수분
P00028,화해,트러블
P00029,화해,각질
P00030,화해,트러블
P00031,화해,수분
P00032,화해,보습
P00033,화해,각질
P00034,화해,진정
P00035,화해,모공
P00036,화해,진정
P00037,화해,진정
P00038,화해,안티에이징
P00039,화해,보습
P00040,화해,진정
P00041,화해,브라이트닝
P00042,화해,트러블
P00043,화해,모공
P00044,화해,보습
P00045,화해,트러블
P00046,화해,트러블
P00047,화해,노세범
P00048,화해,트러블
P00049,화해,진정
P00050,화해,모공
P00051,화해,모공
P00052,화해,진정
P00053,화해,모공
P00054,화해,브라이트닝
P00055,화해,수분
P00056,화해,진정
P00057,화해,모공
P00058,화해,브라이트닝
P00059,화해,각질
P00060,화해,보습
P00061,화해,안티에이징
P00062,화해,브라이트닝
P00064,화해,브라이트닝
P00065,화해,보습
P00066,화해,안티에이징
P00067,화해,모공
P00068,화해,수분
P00069,화해,탈모케어
P00070,화해,모공
P00071,화해,보습
P00072,화해,모공
P00073,화해,모공
P00074,화해,모이스처
P00075,화해,수분
P00076,화해,트러블
P00077,화해,모공
P00078,화해,각질
P00079,화해,모공
P00080,화해,트러블
P00081,화해,톤업
P00082,화해,진정
P00083,화해,진정
P00084,화해,트러블
P00085,화해,안티에이징
P00086,화해,모공
P00087,화해,수분
P00088,화해,트러블
P00089,화해,수분
P00090,화해,워터프루프
P00091,화해,수분
P00092,화해,수분
P00093,화해,모공
P00094,화해,손상케어
P00095,화해,손상케어
P00096,화해,안티에이징
P00097,화해,보습
P00098,화해,보습
P00099,화해,안티에이징
P00100,화해,안티에이징
P00101,화해,보습
P00102,화해,모공
P00103,화해,브라이트닝
P00104,화해,브라이트닝
P00105,화해,빗
P00106,화해,보습
P00107,화해,마사지도구
P00109,화해,팩
P00110,화해,노세범
P00111,화해,보습
P00112,화해,보습
P00113,화해,안티에이징
P00114,화해,안티에이징
P00115,화해,모공
P00116,화해,트러블
P00117,화해,진정
P00118,화해,보습
P00119,화해,모공
P00120,화해,보습
P00121,화해,모공
P00122,화해,각질
P00123,화해,수분
P00124,화해,립메이크업 · 립케어
P00125,화해,노세범
P00126,화해,수분
P00127,화해,진정
P00128,화해,진정
P00129,화해,선케어 · 선크림
P00130,화해,보습
P00131,화해,톤업
P00132,화해,보습
P00133,화해,보습
P00134,화해,보습
P00135,화해,손상케어
P00136,화해,안티에이징
P00137,화해,각질
P00139,화해,브라이트닝
P00140,화해,모이스처
P00141,화해,진정
P00143,화해,진정
P00145,화해,클렌징
P00146,화해,선케어 · 선크림
P00147,화해,브라이트닝
P00148,화해,손상케어
P00149,화해,모공
P00150,화해,안티에이징
P00151,화해,보습
P00152,화해,안티에이징
P00153,화해,브라이트닝
P00154,화해,수분
P00155,화해,클렌징
P00156,화해,안티에이징
P00157,화해,모공
P00158,화해,보습
P00159,화해,수분
P00160,화해,진정
P00161,화해,마스크
P00162,화해,진정
P00164,화해,수분
P00165,화해,진정
P00166,화해,클렌징
P00167,화해,진정
P00168,화해,모공
P00169,화해,스킨케어 · 크림
P00171,화해,각질
P00172,화해,진정
P00173,화해,진정
P00174,화해,안티에이징
P00175,화해,마스크
P00176,화해,스킨케어 · 클렌저
P00177,화해,보습
P00178,화해,마스크
P00180,화해,브라이트닝
P00183,화해,브라이트닝
P00184,화해,클렌징
P00185,화해,보습
P00186,화해,탈모케어
P00187,화해,클렌징
P00188,화해,스킨케어 · 에센스
P00189,화해,브라이트닝
P00190,화해,모공
P00191,화해,탈모케어
P00192,화해,컬러케어
P00193,화해,헤어 · 트리트먼트
P00194,화해,모공
P00195,화해,보습
P00196,화해,수분
P00198,화해,클렌징
P00199,화해,마스크
P00200,화해,보습
P00201,화해,진정
P00202,화해,스킨케어 · 에센스
P00203,화해,스킨케어 · 스킨
P00206,화해,바디 · 바디오일
P00207,화해,두피케어
P00208,화해,보습
P00209,화해,안티에이징
P00210,화해,브라이트닝
P00211,화해,브라이트닝
P00212,화해,립메이크업 · 컬러 립케어
P00213,화해,클렌징
P00214,화해,보습
P00216,화해,클렌징
P00217,화해,안티에이징
P00218,화해,모공
P00219,화해,수분
P00220,화해,트러블
P00221,화해,스킨케어 · 스킨
