product_id,source,source_product_id,url
P00001,화해,3432,https://www.hwahae.co.kr/goods/p/3432
P00002,화해,12150,https://www.hwahae.co.kr/goods/p/12150
P00003,화해,26143,https://www.hwahae.co.kr/goods/p/26143
P00003,화해,1950255,https://www.hwahae.co.kr/products/p/1950255
P00004,화해,30214,https://www.hwahae.co.kr/goods/p/30214
P00005,화해,30229,https://www.hwahae.co.kr/goods/p/30229
P00006,화해,31196,https://www.hwahae.co.kr/goods/p/31196
P00007,화해,31262,https://www.hwahae.co.kr/goods/p/31262
P00008,화해,32202,https://www.hwahae.co.kr/goods/p/32202
P00009,화해,33080,https://www.hwahae.co.kr/goods/p/33080
P00010,화해,33372,https://www.hwahae.co.kr/goods/p/33372
P00011,화해,33374,https://www.hwahae.co.kr/goods/p/33374
P00012,화해,40922,https://www.hwahae.co.kr/goods/p/40922
P00013,화해,42944,https://www.hwahae.co.kr/goods/p/42944
P00014,화해,42991,https://www.hwahae.co.kr/goods/p/42991
P00015,화해,44357,https://www.hwahae.co.kr/goods/p/44357
P00016,화해,45153,https://www.hwahae.co.kr/goods/p/45153
P00016,화해,2001721,https://www.hwahae.co.kr/products/p/2001721
P00017,화해,45194,https://www.hwahae.co.kr/goods/p/45194
P00017,화해,1889139,https://www.hwahae.co.kr/products/p/1889139
P00018,화해,45218,https://www.hwahae.co.kr/goods/p/45218
P00019,화해,45674,https://www.hwahae.co.kr/goods/p/45674
P00020,화해,46748,https://www.hwahae.co.kr/goods/p/46748
P00020,화해,2004213,https://www.hwahae.co.kr/products/p/2004213
P00021,화해,47013,https://www.hwahae.co.kr/goods/p/47013
P00022,화해,48019,https://www.hwahae.co.kr/goods/p/48019
P00023,화해,50234,https://www.hwahae.co.kr/goods/p/50234
P00024,화해,51980,https://www.hwahae.co.kr/goods/p/51980
P00025,화해,52862,https://www.hwahae.co.kr/goods/p/52862
P00026,화해,52938,https://www.hwahae.co.kr/goods/p/52938
P00026,화해,2073723,https://www.hwahae.co.kr/products/p/2073723
P00027,화해,52951,https://www.hwahae.co.kr/goods/p/52951
P00028,화해,53308,https://www.hwahae.co.kr/goods/p/53308
P00029,화해,53680,https://www.hwahae.co.kr/goods/p/53680
P00030,화해,54065,https://www.hwahae.co.kr/goods/p/54065
P00031,화해,54087,https://www.hwahae.co.kr/goods/p/54087
P00032,화해,54220,https://www.hwahae.co.kr/goods/p/54220
P00033,화해,54286,https://www.hwahae.co.kr/goods/p/54286
P00034,화해,54849,https://www.hwahae.co.kr/goods/p/54849
P00035,화해,56208,https://www.hwahae.co.kr/goods/p/56208
P00036,화해,56822,https://www.hwahae.co.kr/goods/p/56822
P00036,화해,2058490,https://www.hwahae.co.kr/products/p/2058490
P00037,화해,57012,https://www.hwahae.co.kr/goods/p/57012
P00038,화해,57560,https://www.hwahae.co.kr/goods/p/57560
P00039,화해,58285,https://www.hwahae.co.kr/goods/p/58285
P00040,화해,58874,https://www.hwahae.co.kr/goods/p/58874
P00041,화해,59045,https://www.hwahae.co.kr/goods/p/59045
P00042,화해,59638,https://www.hwahae.co.kr/goods/p/59638
P00043,화해,60170,https://www.hwahae.co.kr/goods/p/60170
P00044,화해,60244,https://www.hwahae.co.kr/goods/p/60244
P00045,화해,60458,https://www.hwahae.co.kr/goods/p/60458
P00046,화해,61936,https://www.hwahae.co.kr/goods/p/61936
P00047,화해,61977,https://www.hwahae.co.kr/goods/p/61977
P00048,화해,62190,https://www.hwahae.co.kr/goods/p/62190
P00049,화해,62643,https://www.hwahae.co.kr/goods/p/62643
P00050,화해,62685,https://www.hwahae.co.kr/goods/p/62685
P00051,화해,63118,https://www.hwahae.co.kr/goods/p/63118
P00052,화해,63209,https://www.hwahae.co.kr/goods/p/63209
P00053,화해,63725,https://www.hwahae.co.kr/goods/p/63725
P00054,화해,64587,https://www.hwahae.co.kr/goods/p/64587
P00054,화해,2107391,https://www.hwahae.co.kr/products/p/2107391
P00055,화해,65297,https://www.hwahae.co.kr/goods/p/65297
P00056,화해,65316,https://www.hwahae.co.kr/goods/p/65316
P00057,화해,65347,https://www.hwahae.co.kr/goods/p/65347
P00057,화해,1973086,https://www.hwahae.co.kr/products/p/1973086
P00058,화해,65710,https://www.hwahae.co.kr/goods/p/65710
P00059,화해,65878,https://www.hwahae.co.kr/goods/p/65878
P00060,화해,66029,https://www.hwahae.co.kr/goods/p/66029
P00061,화해,66047,https://www.hwahae.co.kr/goods/p/66047
P00062,화해,66348,https://www.hwahae.co.kr/goods/p/66348
P00063,화해,66365,https://www.hwahae.co.kr/goods/p/66365
P00064,화해,66516,https://www.hwahae.co.kr/goods/p/66516
P00065,화해,66529,https://www.hwahae.co.kr/goods/p/66529
P00066,화해,66646,https://www.hwahae.co.kr/goods/p/66646
P00067,화해,66717,https://www.hwahae.co.kr/goods/p/66717
P00068,화해,68150,https://www.hwahae.co.kr/goods/p/68150
P00068,화해,2135103,https://www.hwahae.co.kr/products/p/2135103
P00069,화해,68439,https://www.hwahae.co.kr/goods/p/68439
P00070,화해,68537,https://www.hwahae.co.kr/goods/p/68537
P00071,화해,68578,https://www.hwahae.co.kr/goods/p/68578
P00072,화해,68713,https://www.hwahae.co.kr/goods/p/68713
P00072,화해,1945270,https://www.hwahae.co.kr/products/p/1945270
P00073,화해,68900,https://www.hwahae.co.kr/goods/p/68900
P00073,화해,2109968,https://www.hwahae.co.kr/products/p/2109968
P00074,화해,69152,https://www.hwahae.co.kr/goods/p/69152
P00075,화해,69360,https://www.hwahae.co.kr/goods/p/69360
P00075,화해,2113285,https://www.hwahae.co.kr/products/p/2113285
P00076,화해,69389,https://www.hwahae.co.kr/goods/p/69389
P00077,화해,70025,https://www.hwahae.co.kr/goods/p/70025
P00078,화해,70033,https://www.hwahae.co.kr/goods/p/70033
P00079,화해,70162,https://www.hwahae.co.kr/goods/p/70162
P00079,화해,2098300,https://www.hwahae.co.kr/products/p/2098300
P00080,화해,70194,https://www.hwahae.co.kr/goods/p/70194
P00081,화해,70203,https://www.hwahae.co.kr/goods/p/70203
P00082,화해,70296,https://www.hwahae.co.kr/goods/p/70296
P00082,화해,2133211,https://www.hwahae.co.kr/products/p/2133211
P00083,화해,70400,https://www.hwahae.co.kr/goods/p/70400
P00084,화해,70460,https://www.hwahae.co.kr/goods/p/70460
P00084,화해,1918760,https://www.hwahae.co.kr/products/p/1918760
P00085,화해,70465,https://www.hwahae.co.kr/goods/p/70465
P00086,화해,70668,https://www.hwahae.co.kr/goods/p/70668
P00087,화해,70900,https://www.hwahae.co.kr/goods/p/70900
P00088,화해,70967,https://www.hwahae.co.kr/goods/p/70967
P00089,화해,71135,https://www.hwahae.co.kr/goods/p/71135
P00090,화해,71234,https://www.hwahae.co.kr/goods/p/71234
P00091,화해,71510,https://www.hwahae.co.kr/goods/p/71510
P00092,화해,71590,https://www.hwahae.co.kr/goods/p/71590
P00093,화해,71644,https://www.hwahae.co.kr/goods/p/71644
P00094,화해,71811,https://www.hwahae.co.kr/goods/p/71811
P00095,화해,71949,https://www.hwahae.co.kr/goods/p/71949
P00096,화해,72038,https://www.hwahae.co.kr/goods/p/72038
P00097,화해,72339,https://www.hwahae.co.kr/goods/p/72339
P00097,화해,1973264,https://www.hwahae.co.kr/products/p/1973264
P00098,화해,72340,https://www.hwahae.co.kr/goods/p/72340
P00098,화해,2085358,https://www.hwahae.co.kr/products/p/2085358
P00099,화해,72547,https://www.hwahae.co.kr/goods/p/72547
P00100,화해,72585,https://www.hwahae.co.kr/goods/p/72585
P00101,화해,72704,https://www.hwahae.co.kr/goods/p/72704
P00102,화해,72759,https://www.hwahae.co.kr/goods/p/72759
P00103,화해,72793,https://www.hwahae.co.kr/goods/p/72793
P00104,화해,72799,https://www.hwahae.co.kr/goods/p/72799
P00105,화해,72892,https://www.hwahae.co.kr/goods/p/72892
P00106,화해,72949,https://www.hwahae.co.kr/goods/p/72949
P00107,화해,72978,https://www.hwahae.co.kr/goods/p/72978
P00108,화해,73237,https://www.hwahae.co.kr/goods/p/73237
P00109,화해,73243,https://www.hwahae.co.kr/goods/p/73243
P00110,화해,73292,https://www.hwahae.co.kr/goods/p/73292
P00111,화해,73508,https://www.hwahae.co.kr/goods/p/73508
P00112,화해,73580,https://www.hwahae.co.kr/goods/p/73580
P00113,화해,73631,https://www.hwahae.co.kr/goods/p/73631
P00114,화해,73701,https://www.hwahae.co.kr/goods/p/73701
P00115,화해,73716,https://www.hwahae.co.kr/goods/p/73716
P00116,화해,73852,https://www.hwahae.co.kr/goods/p/73852
P00117,화해,73909,https://www.hwahae.co.kr/goods/p/73909
P00118,화해,73976,https://www.hwahae.co.kr/goods/p/73976
P00119,화해,74007,https://www.hwahae.co.kr/goods/p/74007
P00120,화해,74045,https://www.hwahae.co.kr/goods/p/74045
P00121,화해,74059,https://www.hwahae.co.kr/goods/p/74059
P00122,화해,74132,https://www.hwahae.co.kr/goods/p/74132
P00123,화해,74253,https://www.hwahae.co.kr/goods/p/74253
P00123,화해,2153055,https://www.hwahae.co.kr/products/p/2153055
P00124,화해,74272,https://www.hwahae.co.kr/goods/p/74272
P00125,화해,74273,https://www.hwahae.co.kr/goods/p/74273
P00126,화해,74285,https://www.hwahae.co.kr/goods/p/74285
P00127,화해,74286,https://www.hwahae.co.kr/goods/p/74286
P00128,화해,74289,https://www.hwahae.co.kr/goods/p/74289
P00129,화해,74300,https://www.hwahae.co.kr/goods/p/74300
P00129,화해,2191514,https://www.hwahae.co.kr/products/p/2191514
P00130,화해,74313,https://www.hwahae.co.kr/goods/p/74313
P00131,화해,74367,https://www.hwahae.co.kr/goods/p/74367
P00132,화해,74373,https://www.hwahae.co.kr/goods/p/74373
P00133,화해,74374,https://www.hwahae.co.kr/goods/p/74374
P00134,화해,74383,https://www.hwahae.co.kr/goods/p/74383
P00135,화해,74455,https://www.hwahae.co.kr/goods/p/74455
P00136,화해,74456,https://www.hwahae.co.kr/goods/p/74456
P00137,화해,74481,https://www.hwahae.co.kr/goods/p/74481
P00138,화해,74485,https://www.hwahae.co.kr/goods/p/74485
P00139,화해,74558,https://www.hwahae.co.kr/goods/p/74558
P00140,화해,74583,https://www.hwahae.co.kr/goods/p/74583
P00141,화해,74621,https://www.hwahae.co.kr/goods/p/74621
P00142,화해,74647,https://www.hwahae.co.kr/goods/p/74647
P00143,화해,74655,https://www.hwahae.co.kr/goods/p/74655
P00143,화해,1950672,https://www.hwahae.co.kr/products/p/1950672
P00144,화해,74691,https://www.hwahae.co.kr/goods/p/74691
P00145,화해,74733,https://www.hwahae.co.kr/goods/p/74733
P00146,화해,74758,https://www.hwahae.co.kr/goods/p/74758
P00147,화해,74791,https://www.hwahae.co.kr/goods/p/74791
P00148,화해,74801,https://www.hwahae.co.kr/goods/p/74801
P00149,화해,74871,https://www.hwahae.co.kr/goods/p/74871
P00150,화해,74914,https://www.hwahae.co.kr/goods/p/74914
P00151,화해,74958,https://www.hwahae.co.kr/goods/p/74958
P00152,화해,75033,https://www.hwahae.co.kr/goods/p/75033
P00153,화해,75075,https://www.hwahae.co.kr/goods/p/75075
P00154,화해,75083,https://www.hwahae.co.kr/goods/p/75083
P00155,화해,75093,https://www.hwahae.co.kr/goods/p/75093
P00156,화해,75121,https://www.hwahae.co.kr/goods/p/75121
P00157,화해,75122,https://www.hwahae.co.kr/goods/p/75122
P00158,화해,75127,https://www.hwahae.co.kr/goods/p/75127
P00159,화해,75134,https://www.hwahae.co.kr/goods/p/75134
P00159,화해,2177164,https://www.hwahae.co.kr/products/p/2177164
P00160,화해,75144,https://www.hwahae.co.kr/goods/p/75144
P00161,화해,75161,https://www.hwahae.co.kr/goods/p/75161
P00162,화해,75175,https://www.hwahae.co.kr/goods/p/75175
P00163,화해,75306,https://www.hwahae.co.kr/goods/p/75306
P00164,화해,75341,https://www.hwahae.co.kr/goods/p/75341
P00165,화해,75346,https://www.hwahae.co.kr/goods/p/75346
P00166,화해,75395,https://www.hwahae.co.kr/goods/p/75395
P00167,화해,75403,https://www.hwahae.co.kr/goods/p/75403
P00168,화해,75411,https://www.hwahae.co.kr/goods/p/75411
P00169,화해,75458,https://www.hwahae.co.kr/goods/p/75458
P00170,화해,75519,https://www.hwahae.co.kr/goods/p/75519
P00171,화해,75547,https://www.hwahae.co.kr/goods/p/75547
P00172,화해,75592,https://www.hwahae.co.kr/goods/p/75592
P00172,화해,1998036,https://www.hwahae.co.kr/products/p/1998036
P00173,화해,75744,https://www.hwahae.co.kr/goods/p/75744
P00174,화해,75745,https://www.hwahae.co.kr/goods/p/75745
P00175,화해,75785,https://www.hwahae.co.kr/goods/p/75785
P00176,화해,75801,https://www.hwahae.co.kr/goods/p/75801
P00177,화해,75811,https://www.hwahae.co.kr/goods/p/75811
P00178,화해,75854,https://www.hwahae.co.kr/goods/p/75854
P00179,화해,75889,https://www.hwahae.co.kr/goods/p/75889
P00180,화해,75903,https://www.hwahae.co.kr/goods/p/75903
P00181,화해,75921,https://www.hwahae.co.kr/goods/p/75921
P00182,화해,76014,https://www.hwahae.co.kr/goods/p/76014
P00183,화해,76141,https://www.hwahae.co.kr/goods/p/76141
P00184,화해,76243,https://www.hwahae.co.kr/goods/p/76243
P00185,화해,76266,https://www.hwahae.co.kr/goods/p/76266
P00185,화해,2186119,https://www.hwahae.co.kr/products/p/2186119
P00186,화해,76351,https://www.hwahae.co.kr/goods/p/76351
P00187,화해,76464,https://www.hwahae.co.kr/goods/p/76464
P00188,화해,76480,https://www.hwahae.co.kr/goods/p/76480
P00189,화해,76491,https://www.hwahae.co.kr/goods/p/76491
P00190,화해,76494,https://www.hwahae.co.kr/goods/p/76494
P00191,화해,76529,https://www.hwahae.co.kr/goods/p/76529
P00192,화해,76739,https://www.hwahae.co.kr/goods/p/76739
P00193,화해,76740,https://www.hwahae.co.kr/goods/p/76740
P00194,화해,76759,https://www.hwahae.co.kr/goods/p/76759
P00195,화해,76860,https://www.hwahae.co.kr/goods/p/76860
P00195,화해,2190874,https://www.hwahae.co.kr/products/p/2190874
P00196,화해,76912,https://www.hwahae.co.kr/goods/p/76912
P00197,화해,76973,https://www.hwahae.co.kr/goods/p/76973
P00198,화해,76974,https://www.hwahae.co.kr/goods/p/76974
P00199,화해,77013,https://www.hwahae.co.kr/goods/p/77013
P00200,화해,77015,https://www.hwahae.co.kr/goods/p/77015
P00201,화해,77160,https://www.hwahae.co.kr/goods/p/77160
P00202,화해,77270,https://www.hwahae.co.kr/goods/p/77270
P00203,화해,77401,https://www.hwahae.co.kr/goods/p/77401
P00204,화해,77404,https://www.hwahae.co.kr/goods/p/77404
P00205,화해,77568,https://www.hwahae.co.kr/goods/p/77568
P00206,화해,77645,https://www.hwahae.co.kr/goods/p/77645
P00207,화해,77650,https://www.hwahae.co.kr/goods/p/77650
P00208,화해,77662,https://www.hwahae.co.kr/goods/p/77662
P00209,화해,77697,https://www.hwahae.co.kr/goods/p/77697
P00210,화해,77781,https://www.hwahae.co.kr/goods/p/77781
P00211,화해,77840,https://www.hwahae.co.kr/goods/p/77840
P00212,화해,77990,https://www.hwahae.co.kr/goods/p/77990
P00213,화해,78019,https://www.hwahae.co.kr/goods/p/78019
P00214,화해,78129,https://www.hwahae.co.kr/goods/p/78129
P00214,화해,1841507,https://www.hwahae.co.kr/products/p/1841507
P00215,화해,78140,https://www.hwahae.co.kr/goods/p/78140
P00216,화해,78484,https://www.hwahae.co.kr/goods/p/78484
P00217,화해,78531,https://www.hwahae.co.kr/goods/p/78531
P00218,화해,78583,https://www.hwahae.co.kr/goods/p/78583
P00219,화해,78674,https://www.hwahae.co.kr/goods/p/78674
P00220,화해,78865,https://www.hwahae.co.kr/goods/p/78865
P00221,화해,79060,https://www.hwahae.co.kr/goods/p/79060
P00222,화해,1779219,https://www.hwahae.co.kr/products/p/1779219
P00223,화해,1806141,https://www.hwahae.co.kr/products/p/1806141
P00224,화해,1850134,https://www.hwahae.co.kr/products/p/1850134
P00225,화해,1880696,https://www.hwahae.co.kr/products/p/1880696
P00226,화해,1890624,https://www.hwahae.co.kr/products/p/1890624
P00227,화해,1890897,https://www.hwahae.co.kr/products/p/1890897
P00228,화해,1895405,https://www.hwahae.co.kr/products/p/1895405
P00229,화해,1914381,https://www.hwahae.co.kr/products/p/1914381
P00230,화해,1920665,https://www.hwahae.co.kr/products/p/1920665
P00231,화해,1925669,https://www.hwahae.co.kr/products/p/1925669
P00232,화해,1939812,https://www.hwahae.co.kr/products/p/1939812
P00233,화해,1942147,https://www.hwahae.co.kr/products/p/1942147
P00234,화해,1977273,https://www.hwahae.co.kr/products/p/1977273
P00235,화해,1980809,https://www.hwahae.co.kr/products/p/1980809
P00236,화해,1981266,https://www.hwahae.co.kr/products/p/1981266
P00237,화해,1984011,https://www.hwahae.co.kr/products/p/1984011
P00238,화해,1984093,https://www.hwahae.co.kr/products/p/1984093
P00239,화해,1988621,https://www.hwahae.co.kr/products/p/1988621
P00240,화해,1994185,https://www.hwahae.co.kr/products/p/1994185
P00241,화해,1995939,https://www.hwahae.co.kr/products/p/1995939
P00242,화해,1998256,https://www.hwahae.co.kr/products/p/1998256
P00243,화해,1998329,https://www.hwahae.co.kr/products/p/1998329
P00244,화해,1998597,https://www.hwahae.co.kr/products/p/1998597
P00245,화해,2000907,https://www.hwahae.co.kr/products/p/2000907
P00246,화해,2002386,https://www.hwahae.co.kr/products/p/2002386
P00247,화해,2003454,https://www.hwahae.co.kr/products/p/2003454
P00248,화해,2004383,https://www.hwahae.co.kr/products/p/2004383
P00249,화해,2016363,https://www.hwahae.co.kr/products/p/2016363
P00249,화해,2163543,https://www.hwahae.co.kr/products/p/2163543
P00250,화해,2017019,https://www.hwahae.co.kr/products/p/2017019
P00251,화해,2027530,https://www.hwahae.co.kr/products/p/2027530
P00252,화해,2032698,https://www.hwahae.co.kr/products/p/2032698
P00253,화해,2053755,https://www.hwahae.co.kr/products/p/2053755
P00254,화해,2059964,https://www.hwahae.co.kr/products/p/2059964
P00255,화해,2063246,https://www.hwahae.co.kr/products/p/2063246
P00256,화해,2078467,https://www.hwahae.co.kr/products/p/2078467
P00257,화해,2087347,https://www.hwahae.co.kr/products/p/2087347
P00258,화해,2088697,https://www.hwahae.co.kr/products/p/2088697
P00259,화해,2093177,https://www.hwahae.co.kr/products/p/2093177
P00260,화해,2094413,https://www.hwahae.co.kr/products/p/2094413
P00261,화해,2094548,https://www.hwahae.co.kr/products/p/2094548
P00262,화해,2096872,https://www.hwahae.co.kr/products/p/2096872
P00263,화해,2097671,https://www.hwahae.co.kr/products/p/2097671
P00264,화해,2097713,https://www.hwahae.co.kr/products/p/2097713
P00265,화해,2099491,https://www.hwahae.co.kr/products/p/2099491
P00266,화해,2099773,https://www.hwahae.co.kr/products/p/2099773
P00267,화해,2102684,https://www.hwahae.co.kr/products/p/2102684
P00268,화해,2107285,https://www.hwahae.co.kr/products/p/2107285
P00269,화해,2107521,https://www.hwahae.co.kr/products/p/2107521
P00270,화해,2107973,https://www.hwahae.co.kr/products/p/2107973
P00271,화해,2108567,https://www.hwahae.co.kr/products/p/2108567
P00272,화해,2109774,https://www.hwahae.co.kr/products/p/2109774
P00273,화해,2109850,https://www.hwahae.co.kr/products/p/2109850
P00274,화해,2110665,https://www.hwahae.co.kr/products/p/2110665
P00275,화해,2116913,https://www.hwahae.co.kr/products/p/2116913
P00276,화해,2117112,https://www.hwahae.co.kr/products/p/2117112
P00277,화해,2119337,https://www.hwahae.co.kr/products/p/2119337
P00278,화해,2119590,https://www.hwahae.co.kr/products/p/2119590
P00279,화해,2120024,https://www.hwahae.co.kr/products/p/2120024
P00280,화해,2121102,https://www.hwahae.co.kr/products/p/2121102
P00281,화해,2124318,https://www.hwahae.co.kr/products/p/2124318
P00282,화해,2128011,https://www.hwahae.co.kr/products/p/2128011
P00283,화해,2130253,https://www.hwahae.co.kr/products/p/2130253
P00284,화해,2130257,https://www.hwahae.co.kr/products/p/2130257
P00285,화해,2130543,https://www.hwahae.co.kr/products/p/2130543
P00286,화해,2131293,https://www.hwahae.co.kr/products/p/2131293
P00287,화해,2133631,https://www.hwahae.co.kr/products/p/2133631
P00288,화해,2133999,https://www.hwahae.co.kr/products/p/2133999
P00289,화해,2135545,https://www.hwahae.co.kr/products/p/2135545
P00290,화해,2135728,https://www.hwahae.co.kr/products/p/2135728
P00291,화해,2139638,https://www.hwahae.co.kr/products/p/2139638
P00292,화해,2139641,https://www.hwahae.co.kr/products/p/2139641
P00293,화해,2140000,https://www.hwahae.co.kr/products/p/2140000
P00294,화해,2140507,https://www.hwahae.co.kr/products/p/2140507
P00295,화해,2140614,https://www.hwahae.co.kr/products/p/2140614
P00296,화해,2142014,https://www.hwahae.co.kr/products/p/2142014
P00297,화해,2143456,https://www.hwahae.co.kr/products/p/2143456
P00298,화해,2146303,https://www.hwahae.co.kr/products/p/2146303
P00299,화해,2146623,https://www.hwahae.co.kr/products/p/2146623
P00300,화해,2148161,https://www.hwahae.co.kr/products/p/2148161
P00301,화해,2149118,https://www.hwahae.co.kr/products/p/2149118
P00302,화해,2149168,https://www.hwahae.co.kr/products/p/2149168
P00303,화해,2154994,https://www.hwahae.co.kr/products/p/2154994
P00304,화해,2157825,https://www.hwahae.co.kr/products/p/2157825
P00305,화해,2160647,https://www.hwahae.co.kr/products/p/2160647
P00306,화해,2166272,https://www.hwahae.co.kr/products/p/2166272
P00307,화해,2166411,https://www.hwahae.co.kr/products/p/2166411
P00308,화해,2169748,https://www.hwahae.co.kr/products/p/2169748
P00309,화해,2169753,https://www.hwahae.co.kr/products/p/2169753
P00310,화해,2170355,https://www.hwahae.co.kr/products/p/2170355
P00311,화해,2170490,https://www.hwahae.co.kr/products/p/2170490
P00312,화해,2171626,https://www.hwahae.co.kr/products/p/2171626
P00313,화해,2173189,https://www.hwahae.co.kr/products/p/2173189
P00314,화해,2173366,https://www.hwahae.co.kr/products/p/2173366
P00315,화해,2173835,https://www.hwahae.co.kr/products/p/2173835
P00316,화해,2175592,https://www.hwahae.co.kr/products/p/2175592
P00317,화해,2176210,https://www.hwahae.co.kr/products/p/2176210
P00318,화해,2176278,https://www.hwahae.co.kr/products/p/2176278
P00319,화해,2176556,https://www.hwahae.co.kr/products/p/2176556
P00320,화해,2178508,https://www.hwahae.co.kr/products/p/2178508
P00321,화해,2178988,https://www.hwahae.co.kr/products/p/2178988
P00322,화해,2178991,https://www.hwahae.co.kr/products/p/2178991
P00323,화해,2179491,https://www.hwahae.co.kr/products/p/2179491
P00324,화해,2179529,https://www.hwahae.co.kr/products/p/2179529
P00325,화해,2180164,https://www.hwahae.co.kr/products/p/2180164
P00326,화해,2182772,https://www.hwahae.co.kr/products/p/2182772
P00327,화해,2183481,https://www.hwahae.co.kr/products/p/2183481
P00328,화해,2183490,https://www.hwahae.co.kr/products/p/2183490
P00329,화해,2183493,https://www.hwahae.co.kr/products/p/2183493
P00330,화해,2184640,https://www.hwahae.co.kr/products/p/2184640
P00331,화해,2185642,https://www.hwahae.co.kr/products/p/2185642
P00332,화해,2185770,https://www.hwahae.co.kr/products/p/2185770
P00333,화해,2186332,https://www.hwahae.co.kr/products/p/2186332
P00334,화해,2186334,https://www.hwahae.co.kr/products/p/2186334
P00335,화해,2187093,https://www.hwahae.co.kr/products/p/2187093
P00336,화해,2187266,https://www.hwahae.co.kr/products/p/2187266
P00337,화해,2189395,https://www.hwahae.co.kr/products/p/2189395
P00338,화해,2189429,https://www.hwahae.co.kr/products/p/2189429
P00339,화해,2190993,https://www.hwahae.co.kr/products/p/2190993
P00340,화해,2191076,https://www.hwahae.co.kr/products/p/2191076
P00341,화해,2191246,https://www.hwahae.co.kr/products/p/2191246
P00342,화해,2191336,https://www.hwahae.co.kr/products/p/2191336
P00343,화해,2191667,https://www.hwahae.co.kr/products/p/2191667
P00344,화해,2192243,https://www.hwahae.co.kr/products/p/2192243
P00345,화해,2193064,https://www.hwahae.co.kr/products/p/2193064
P00346,화해,2193584,https://www.hwahae.co.kr/products/p/2193584
P00347,화해,2193704,https://www.hwahae.co.kr/products/p/2193704
P00348,화해,2194227,https://www.hwahae.co.kr/products/p/2194227
P00349,화해,2194729,https://www.hwahae.co.kr/products/p/2194729
P00350,화해,2194735,https://www.hwahae.co.kr/products/p/2194735
P00351,화해,2194906,https://www.hwahae.co.kr/products/p/2194906
P00352,화해,2195805,https://www.hwahae.co.kr/products/p/2195805
P00353,화해,2196164,https://www.hwahae.co.kr/products/p/2196164
P00354,화해,2197271,https://www.hwahae.co.kr/products/p/2197271
P00355,화해,2197771,https://www.hwahae.co.kr/products/p/2197771
P00356,화해,2197909,https://www.hwahae.co.kr/products/p/2197909
P00357,화해,2202268,https://www.hwahae.co.kr/products/p/2202268
P00358,화해,2203432,https://www.hwahae.co.kr/products/p/2203432
P00359,화해,2206996,https://www.hwahae.co.kr/products/p/2206996
P00249,올리브영글로벌,GA210001861,https://global.oliveyoung.com/product/detail?prdtNo=GA210001861
P00075,올리브영글로벌,GA240925558,https://global.oliveyoung.com/product/detail?prdtNo=GA240925558
P00256,올리브영글로벌,GA210001977,https://global.oliveyoung.com/product/detail?prdtNo=GA210001977
P00097,올리브영글로벌,GA240121573,https://global.oliveyoung.com/product/detail?prdtNo=GA240121573
P00017,올리브영글로벌,GA210610734,https://global.oliveyoung.com/product/detail?prdtNo=GA210610734
P00262,올리브영글로벌,GA211012101,https://global.oliveyoung.com/product/detail?prdtNo=GA211012101
P00348,올리브영글로벌,GA250127973,https://global.oliveyoung.com/product/detail?prdtNo=GA250127973
P00172,올리브영글로벌,GA240222331,https://global.oliveyoung.com/product/detail?prdtNo=GA240222331
